RUTA;BOCADELI
1.1.01;Bocadeli Quezaltepeque
1.1.02;Bocadeli Quezaltepeque
1.1.03;Bocadeli Quezaltepeque
1.1.04;Bocadeli Quezaltepeque
1.1.05;Bocadeli Quezaltepeque
1.1.06;Bocadeli Soyapango
1.1.07;Bocadeli Soyapango
1.1.08;Bocadeli Soyapango
1.1.09;Bocadeli Soyapango
1.1.10;Bocadeli Soyapango
1.1.11;Bocadeli Soyapango
1.1.12;Bocadeli Soyapango
1.1.13;Bocadeli Soyapango
1.1.14;Bocadeli Soyapango
1.1.15;Bocadeli Soyapango
1.1.16;Bocadeli Soyapango
1.1.17;Bocadeli Soyapango
1.1.18;Bocadeli Soyapango
1.1.19;Bocadeli Soyapango
1.1.20;Bocadeli Soyapango
1.1.21;Bocadeli Soyapango
1.1.22;Bocadeli Soyapango
1.1.23;Bocadeli Soyapango
1.1.24;Bocadeli Soyapango
1.1.25;Bocadeli Soyapango
1.1.26;Bocadeli Soyapango
1.1.27;Bocadeli Soyapango
1.1.28;Bocadeli Soyapango
1.1.29;Bocadeli Soyapango
1.1.30;Bocadeli Soyapango
1.1.31;Bocadeli Soyapango
1.1.32;Bocadeli Soyapango
1.1.33;Bocadeli Soyapango
1.1.34;Bocadeli Soyapango
1.1.35;Bocadeli Quezaltepeque
1.1.36;Bocadeli Quezaltepeque
1.1.37;Bocadeli Quezaltepeque
1.1.38;Bocadeli Quezaltepeque
1.1.39;Bocadeli Soyapango
1.1.40;Bocadeli Soyapango
1.1.41;Bocadeli Soyapango
1.1.42;Bocadeli Soyapango
1.1.43;Bocadeli Soyapango
1.1.44;Bocadeli Quezaltepeque
1.1.45;Bocadeli Soyapango
1.1.46;Bocadeli Quezaltepeque
1.1.47;Bocadeli Soyapango
1.1.48;Bocadeli Soyapango
1.1.49;Bocadeli Soyapango
1.1.50;Bocadeli Quezaltepeque
1.1.51;Bocadeli Quezaltepeque
1.1.52;Bocadeli Soyapango
1.1.53;Bocadeli Soyapango
1.1.54;Bocadeli Soyapango
1.1.55;Bocadeli Soyapango
1.2.01;Bocadeli Quezaltepeque
1.2.03;Bocadeli Quezaltepeque
1.2.04;Bocadeli Chalatenango
1.2.05;Bocadeli Chalatenango
1.2.06;Bocadeli Ilobasco
1.2.07;Bocadeli Ilobasco
1.2.08;Bocadeli Soyapango
1.2.09;Bocadeli Ilobasco
1.2.10;Bocadeli Soyapango
1.2.11;Bocadeli Chalatenango
1.2.15;Bocadeli Chalatenango
1.2.16;Bocadeli Ilobasco
1.2.17;Bocadeli Chalatenango
1.2.18;Bocadeli Soyapango
1.2.19;Bocadeli Ilobasco
1.2.20;Bocadeli Chalatenango
1.2.21;Bocadeli Ilobasco
1.2.22;Bocadeli Chalatenango
1.2.23;Bocadeli Quezaltepeque
1.2.25;Bocadeli Soyapango
1.2.26;Bocadeli Ilobasco
1.2.27;Bocadeli Chalatenango
1.2.28;Bocadeli Quezaltepeque
1.2.29;Bocadeli Chalatenango
1.2.30;Bocadeli Chalatenango
1.2.31;Bocadeli Soyapango
1.2.32;Bocadeli Ilobasco
1.2.33;Bocadeli Soyapango
1.2.34;Bocadeli Ilobasco
1.2.35;Bocadeli Chalatenango
1.2.36;Bocadeli Chalatenango
1.2.37;Bocadeli Chalatenango
1.2.38;Bocadeli Quezaltepeque
1.2.39;Bocadeli Quezaltepeque
1.2.40;Bocadeli Ilobasco
1.2.41;Bocadeli Quezaltepeque
1.2.42;Bocadeli Quezaltepeque
1.2.43;Bocadeli Chalatenango
1.2.44;Bocadeli Soyapango
1.2.45;Bocadeli Ilobasco
1.2.46;Bocadeli Ilobasco
1.8.01;Bocadeli Soyapango
1.8.04;Bocadeli Ilobasco
1.8.05;Bocadeli Ilobasco
1.8.06;Bocadeli Soyapango
1.8.09;Bocadeli Soyapango
